{
  "omega0": [
    0.306,
    0.28600000000000003,
    0.302,
    0.294,
    0.29000000000000004,
    0.28200000000000003,
    0.274,
    0.278,
    0.27,
    0.298
  ],
  "omegab": [
    0.0462,
    0.0486,
    0.045399999999999996,
    0.0482,
    0.047,
    0.046599999999999996,
    0.0458,
    0.0474,
    0.0478,
    0.049
  ],
  "hubble": [
    0.6950000000000001,
    0.665,
    0.655,
    0.725,
    0.745,
    0.685,
    0.735,
    0.675,
    0.7150000000000001,
    0.7050000000000001
  ],
  "scalar_amp": [
    2.7349999999999998e-09,
    2.085e-09,
    2.345e-09,
    2.605e-09,
    1.5650000000000003e-09,
    1.8250000000000002e-09,
    2.2150000000000003e-09,
    1.6950000000000002e-09,
    2.475e-09,
    1.955e-09
  ],
  "ns": [
    0.9495,
    0.9315,
    0.9225,
    0.9765,
    0.9045,
    0.9855,
    0.9675,
    0.9405,
    0.9135,
    0.9585
  ],
  "bounds": [
    [
      0.268,
      0.308
    ],
    [
      0.0452,
      0.0492
    ],
    [
      0.65,
      0.75
    ],
    [
      1.5000000000000002e-09,
      2.8e-09
    ],
    [
      0.9,
      0.99
    ]
  ],
  "parameter_names": [
    "omega0",
    "omegab",
    "hubble",
    "scalar_amp",
    "ns"
  ]
}